time,plate_area_500000,plate_perimeter_500000,plate_area_10000,plate_perimeter_10000
0.0,223837388.89149663,237229.76719542695,228110404.59152713,304423.2841587566
1.0,223382242.42777732,233704.72071254862,227913190.87555322,305627.30998945225
2.0,221246981.96139786,247882.24424872125,224776794.64390996,309828.9060089501
3.0,218686442.18879685,255658.9081497113,221838020.08934826,311010.80693732726
4.0,218928970.02524853,257894.7926812567,221956514.96060702,305999.72562886827
5.0,219193227.99545315,262951.5490617872,222054659.9473155,313673.7642471993
6.0,218983657.6284967,253574.91100944832,222060068.47133857,307245.00747950503
7.0,218841170.63878915,253639.91926212842,222104533.7470515,307429.8152609736
8.0,221839894.84537956,250875.9493605795,225182558.95582247,307624.86551802186
9.0,218832802.90739202,263340.13087223284,221521488.09498274,312438.84011856664
10.0,218689863.70568958,250329.15045791207,222450294.6126992,307385.23777243326
11.0,218268710.63839933,255909.9751304622,221071847.17600563,302630.2923018698
12.0,218980405.0168436,251181.20093618368,222145345.026615,305629.70515769796
13.0,218149353.0700948,251994.3605406656,221570359.0900879,306531.6267314806
14.0,219098641.21842048,245552.7025481778,222446367.6218772,302495.6864395966
15.0,218676164.07604498,255932.63301402755,221626890.5517594,302186.76239527663
16.0,218416063.16090262,253807.1073692161,221551549.3988539,301968.7698895433
17.0,217978611.67895365,252321.38409060836,221389634.7219191,305669.1290887617
18.0,218320677.0603161,252625.7931258966,221540823.60472065,304294.3454922615
19.0,217879207.9838236,253173.33485585178,221519765.70696923,308837.40055202995
20.0,218149043.11571896,251457.73546767933,221558189.02165347,306094.5748587981
21.0,217840069.76931128,244084.73791823088,221570955.4297719,302022.9579482858
22.0,218196973.35232192,247250.00100606115,221909226.63444075,305050.5946057541
23.0,219047704.14854366,248060.16974796067,221763207.9842392,296692.0233958647
24.0,218899194.9465702,245547.39832237054,221998585.75783637,297542.1469668852
25.0,218508474.7523558,243706.4875156982,221975561.91373622,297139.2174698014
26.0,218530330.85103938,252976.03685746426,221407044.2709656,299326.38080051506
27.0,219080281.99715862,249258.28980485967,221781169.07962096,293888.12442588335
28.0,218741614.01051575,257629.86938049743,221025777.99634364,297838.2492313051
29.0,218524663.64778253,250965.84066593018,221086630.0442128,297142.9858736043
30.0,218345736.26175418,249028.62723938338,221556885.4924841,300899.75738914276
31.0,218062389.73970225,257718.4911211174,220616476.99396473,299721.17424130073
32.0,218212193.52827108,253115.31713356264,221089044.8222733,298475.60953914025
33.0,218031659.16968915,254319.65156419156,220855297.5486927,298200.23506897566
34.0,217822803.289266,248906.19744196735,221337897.79104438,300736.54634833586
35.0,218611367.59574103,252995.52878808635,221534367.45834392,298209.96273416106
36.0,219136499.22112262,248799.5295209063,222579359.7173139,301991.6294513992
37.0,219404810.9928093,253128.15911835057,222344496.88080394,300273.6727228303
38.0,219906994.86270472,252905.08989552458,222784946.2665982,301160.84151770856
39.0,220432259.87230334,250666.58516255388,223660773.86769992,300867.46926073113
40.0,220449155.4252086,248204.7375910935,223885468.8657848,301260.3788844316
41.0,218425229.53051925,257455.1777253969,220943941.6985592,300475.5957742215
42.0,218788804.19438565,254031.05507853196,221442582.00243527,298851.2725048287
43.0,218097778.1670048,250325.70222610043,220907108.44980636,298119.82078443305
44.0,218611981.66521117,251621.17271566627,221561820.72848418,299242.5203970517
45.0,218201195.94379634,258544.05232753,220702438.26803476,302921.8506584917
46.0,217522171.6017395,250671.28705618216,220738459.05158293,307072.6429676293
47.0,217572566.6925992,249497.85917869347,220724394.38212994,305836.03413779783
48.0,218293619.35183376,250129.7715208364,221557549.80060497,307087.22722252377
49.0,217797210.48678643,248177.9212348695,221228545.9845094,306385.03972919285
50.0,218278250.88175356,252368.6636866537,221295063.23102984,306693.40057167824
51.0,217577568.94782943,250004.97787046627,219701195.9884577,287750.5207350062
52.0,217622154.5147951,243061.94120307936,219922961.16498578,286726.25287619815
53.0,217077541.98094562,235773.85343059656,219633512.1567491,279908.5142473328
54.0,216678453.02148554,234691.31768126856,219230916.60739976,276024.7981341733
55.0,216363300.18563005,238488.45982033195,218640254.28625286,276642.1240249718
56.0,215043960.56998068,232388.90113106542,217221669.1431607,268611.1262471562
57.0,214590835.13307634,239650.34771419776,216562919.42853296,273500.32590178575
58.0,214407664.723237,232422.61835800487,216782116.9305552,274372.4487204076
59.0,214307993.82615405,231530.86524221607,216602234.91163775,269953.42138073454
60.0,214507873.68509743,234422.19407977513,216636190.80951434,273318.4299407007
61.0,213796913.55056745,231758.9314258474,215974593.28823465,266394.7908202476
62.0,213704561.77162018,226476.4586065939,216021889.7012444,264328.34852705366
63.0,213087207.1496819,223370.0287271886,215770065.44060314,265375.9193141032
64.0,213533053.97298768,227069.04563309255,215912107.35147846,266553.55681468744
65.0,213216966.1908215,226126.46757071285,215607992.28920138,263852.02514103305
66.0,214221554.44649118,225491.7416833792,216611045.25362468,264209.6278048079
67.0,214191390.0400181,225501.1745938829,216692092.55047864,263666.77355038846
68.0,212729974.71576226,218497.39225819497,215707602.99071667,261939.75047649886
69.0,212200269.8583349,214112.61377748623,215588516.00839943,260982.04079046522
70.0,212316541.40353817,213041.60599283603,215649700.27366924,261093.8064065005
71.0,212372862.51475275,216666.0520473479,215454801.5698585,261253.99932407582
72.0,212551914.17213696,217444.4994152575,215784987.59651205,263541.19302576425
73.0,212851969.29234588,220353.43904438548,215753132.2643015,264771.9568643104
74.0,212338689.66243553,216690.53967235683,215708703.3409818,263639.2017261429
75.0,212401895.1454898,214053.09355214782,215947336.56352717,262184.7532894188
76.0,211531915.4783694,209306.91527591535,215644347.73035842,262015.61018714344
77.0,212164038.69065034,216567.83341268447,215504274.32287285,264747.1304189728
78.0,213172958.9883874,221076.82963765017,215780234.73287085,261888.68250687607
79.0,213051704.374238,223721.70829650655,215465599.87368163,260498.28310982313
80.0,212708036.55269244,215781.32868636816,215537037.62230912,258574.26949956187
81.0,212257900.01021942,214946.19308746347,215460799.10469547,260508.8685126993
82.0,211883596.38076138,211934.0154514619,215147573.2565777,260986.34807090755
83.0,212679323.0008467,217594.96834280554,215100463.70559147,257781.77006222334
84.0,217400801.67198578,214044.15964297258,220070789.85375246,256101.60505124717
85.0,211520228.71419278,204378.91644643416,214756406.84025103,252958.33282534019
86.0,211602502.03384212,198712.77701409598,214718714.8428564,248799.53379722018
87.0,211639434.03532583,200859.0692904114,214833007.6748546,249536.79848157044
88.0,211293589.14425227,197628.32255249028,214621397.16910642,246386.2254710787
89.0,211266183.7877662,197611.59309891335,214505634.27340436,244565.82044905925
90.0,210770699.40505978,199710.18053438497,214071092.4023938,244282.87867629126
91.0,209532468.15690646,194130.5187524338,213326676.5015523,242405.24189718094
92.0,210175933.76919317,202114.77724943584,213255667.84138846,244590.71121003735
93.0,210665164.3819031,205035.45735711567,213041051.43386632,244091.60701069958
94.0,211323612.49261552,206382.6844210499,213712736.26113006,242833.11071206423
95.0,211176303.40352875,206892.85240608276,213452660.67325273,244979.68964426636
96.0,210008623.9317223,189292.40311666654,213788942.76758966,240576.63214106468
97.0,209928404.0940365,199677.05524124962,213119331.58484986,241379.2047901739
98.0,210308872.46847242,202643.53622321223,213285526.20424086,243887.51735933824
99.0,209910486.55774432,196916.5104897109,213356877.7876329,246419.03806621127
100.0,209842389.92239645,201640.58104964194,212767798.62666032,243403.18085243957
101.0,209678807.43748078,199807.5155073687,212461305.55588987,239910.7692119123
102.0,209163676.93785906,197587.3986928387,212325476.8258835,239786.3508972335
103.0,210111425.62798503,199014.3239881828,213001410.06949377,242702.51301166505
104.0,210321562.920857,200902.41507888434,213092745.4897407,242379.91027046327
105.0,209343911.80670172,193055.57292185826,213063995.05203602,248350.51253631612
106.0,210108738.74752086,196014.30936695755,212824414.07340014,238529.00707789217
107.0,209839323.25470322,195811.40601277575,212769891.24824658,239851.23286501414
108.0,216210760.8503265,189847.73367672344,219605055.33464095,241093.10154030423
109.0,215378630.1120608,187750.1591515434,219048156.60591814,240463.94861288118
110.0,209984253.23641133,193390.9798394346,212843163.8836958,238316.2027082939
111.0,209909340.01305357,192102.98269471736,212746801.3960615,236621.75825052487
112.0,209653482.76197362,192041.2034054261,212770268.6761014,238547.42666748795
113.0,210008525.3985126,189568.76104210064,212840278.5608852,234448.49628475573
114.0,214552982.2184876,182124.27918200148,217889509.08704165,231024.39331092068
115.0,217946077.23570153,185146.45607593787,220788319.00436246,231154.06747339407
116.0,218140712.1866121,188238.6226326854,220431954.99427608,228934.45611114486
117.0,216430682.4225202,177496.81545511144,219762082.60289288,226269.87172998663
118.0,220198041.87686017,182002.0659329461,222830931.75118077,222601.31968179
119.0,218537959.14116478,172072.91561870207,221858359.11141077,219289.22665325628
120.0,218210053.45113888,178246.15327847586,220859204.9381012,219528.6855702628
121.0,216679463.72263965,175992.885438366,219799377.4713292,222846.90775231758
122.0,215258846.72246605,171892.63902581652,218632215.5381811,220496.06135571867
123.0,214810963.40841228,170206.90403215788,218022545.21400493,220048.88432285775
124.0,213350191.47373414,163442.9812966553,216894598.26993233,218376.90558020765
125.0,212904773.50445554,160945.3413104352,216317930.083998,217528.842762361
126.0,211516559.2107153,156425.88167584463,215116575.3785401,210530.06511265252
127.0,211278624.00428328,159704.93133678747,214248650.31766006,207429.5414166634
128.0,211080547.59184155,158736.40875525447,214050579.83545023,206498.73670369785
129.0,211094472.2695136,161853.96051654423,213420241.88071722,206063.7127741074
130.0,210704982.07801005,161264.7384590063,212770077.4893752,200371.21188660606
131.0,209632706.2953988,155878.3904666865,212224850.741649,197460.53443818842
132.0,209018340.68672907,156956.9396658319,211442944.29575595,197164.34956912478
133.0,209578926.92226467,159774.09163800586,211612075.3713268,196358.0007190813
134.0,209644784.11388755,160601.4684888049,211157729.67525518,189755.84308365514
135.0,208516041.21206304,152183.0627537802,210909918.05865708,190237.42112415735
136.0,206336854.38727745,148376.35667810793,208408328.79562032,186454.32586846236
137.0,206249272.0524278,150615.52048922755,208172104.65780348,187826.32743706455
138.0,206088804.50612763,150401.37213659612,207837629.2615817,180548.81995616868
139.0,205830534.1002387,149749.72163749087,207689856.95831054,184405.75952851007
140.0,204690745.83025882,145793.07190450063,206940707.08696,182030.47773679462
141.0,204372074.61415684,150764.7385895704,206128712.08722672,182247.43946915108
142.0,202810489.82013497,137875.61569076558,205592852.28909656,181226.04827573142
143.0,203016493.00911364,143422.3127647332,204680592.83079737,176142.88951344398
144.0,202522426.83322757,137134.68882873008,204709719.5014908,175094.75853927454
145.0,202919953.15553546,142937.2128185187,204431094.75341392,173926.77143898385
146.0,202956986.12078035,142968.1197775394,204389186.34486473,171388.5342597338
147.0,206392192.2401255,140851.54902692133,207944138.60022712,170608.4228532394
148.0,206266022.6880393,138460.98149194938,207421556.20408145,158946.85058885763
149.0,206105636.86094868,135389.14710616,207815955.80410513,166591.5548815228
150.0,206004273.44454375,134056.99602781443,207350690.91529107,159989.7318418849
151.0,210347842.49400294,130781.7200979035,211847736.05538106,159176.66897054322
152.0,210314898.25161445,128660.92981030763,211595181.37601146,156351.97215637975
153.0,210048376.7271221,130765.16352119738,211005083.21233717,153073.31834716746
154.0,209964732.77029902,125064.26237444364,210845367.6330285,146775.3240800269
155.0,209482999.85299444,125108.36033531421,210044177.54273725,140635.03081657138
156.0,209074729.08252263,124645.61453795829,209869313.1590148,142197.9418480611
157.0,208651695.29397482,124547.11757102888,209457660.37934828,140452.4061366706
158.0,208306470.48225996,124965.93580892078,209120601.06143418,139030.97080426663
159.0,207936347.5977845,124229.81147066165,208844519.00202233,142498.05353900153
160.0,207522523.53689948,121091.84783509428,208610859.10398388,139242.2907743841
161.0,207919333.63647804,113907.59827761061,208692624.32047117,128472.11921666749
162.0,207545142.34937054,116935.62335957582,208226638.10505152,128995.12285467099
163.0,207072433.57560655,115718.84330854518,207755924.90667844,127012.83894409031
164.0,206797730.8795711,113947.53389431378,207447498.98970014,124168.18859168673
165.0,206320373.0245308,114349.71171154788,207056783.64907324,125441.8736247527
166.0,206086558.75494224,115891.42818177033,206712417.18951282,125218.05855907664
167.0,205767782.0993175,113863.98117592106,206389191.8949101,123223.21835348516
168.0,207250007.87845248,105960.86675590064,208392752.87523773,124516.9222431842
169.0,207324798.86555117,106580.91514457714,208383655.4632142,123295.54515291154
170.0,207132046.53344002,106990.05211266478,208271735.24081546,123944.66108180123
171.0,207270807.62517086,105755.95196764519,208286695.0415941,121056.76689542165
172.0,207358717.27182755,106914.07988878961,208337356.9785122,122155.19765872709
173.0,207373625.03740746,106027.14752917117,208244136.63525498,119756.05383159227
174.0,207247411.42390916,105313.42568263235,208158965.8076862,120067.84795220685
175.0,207258820.0584188,105997.88129696129,208190330.70008048,120610.43068120113
176.0,207123480.62344065,106580.11202812332,207959142.97748485,119839.18561419247
177.0,207180761.96865523,105277.63720575492,207938506.56303716,119851.32871620487
178.0,207340958.06381285,105401.31877856737,208025787.66918728,116816.43880564655
179.0,207440083.27114213,105746.13373546724,208171268.5469616,119318.56269357426
180.0,207396130.5065621,105358.64077763782,208092416.04051813,117939.20276106845
181.0,207043583.81864503,114074.43814969229,207499757.5784438,123105.4283141271
182.0,207444739.2106967,116368.52390105736,207922396.60837296,126250.7880289013
183.0,207629957.77916318,115855.15782900936,208082942.14762962,125640.99545920198
184.0,207805309.92963028,116774.35865703704,208251040.8268303,127647.38076953379
185.0,208197296.94204307,117488.89047137336,208669699.13235542,128688.83001539997
186.0,208490253.10880554,118814.86961925063,209198697.48393148,131943.37553053666
187.0,209454714.44064724,124477.38765396115,209950517.60276434,134433.49636947215
188.0,208115082.7550816,125861.99735286363,208652946.7841735,137633.03323346114
189.0,207832212.52754572,131604.40822439754,208186778.40206248,138175.91662903345
190.0,207583172.3454646,131718.05769937104,208111293.1910188,138878.91566841354
191.0,207753255.32515165,133155.43021998066,208070488.49905846,137490.44317219147
192.0,207621968.3742066,132492.2032941711,208126725.91883713,139572.81766725244
193.0,207863121.171385,133869.02976801258,208180365.06436327,138819.83823691052
194.0,207667967.09671035,132457.4085857705,208171169.5288504,138292.0476211203
195.0,207832866.253391,134100.97439372688,208130232.91056183,138407.00162330706
196.0,207579026.198016,133521.491316771,208036447.68755215,140801.6335444108
197.0,207525365.87975165,134633.48486714822,207884442.0122254,139143.7149695954
198.0,207627450.16486537,136031.37265621335,207925194.48915383,140724.15682340323
199.0,207126622.24133423,133063.31118735895,207633152.67119786,139925.8053016531
200.0,207515747.3506209,135570.2427935417,207828247.06322592,139277.38942041577
201.0,207366041.2487374,134977.98546266617,207388448.58367547,135548.84655632172
202.0,207947005.2537119,135986.5212246876,207947005.2537119,135986.5212246876
203.0,208265215.18410718,134149.19426870497,208478516.36787373,136613.3220167768
204.0,208488816.44361556,135292.9415515658,208735842.9024012,138640.607473024
205.0,209006053.70696625,134078.8476242568,209217142.56125754,137201.38536519028
206.0,200078475.89771646,135833.46262800187,200102729.33232293,136422.4721962439
207.0,200119179.1509655,137158.00465203065,200174962.4543569,138428.8676679116
208.0,199472202.30383033,130930.9844344271,200191900.27567172,137878.47682388194
209.0,199424111.86718974,130570.28159718945,200113518.12337527,136755.40682157784
210.0,199874537.8498269,134092.04161105654,200101836.99167424,137375.71914785382
211.0,199887833.13216734,133974.1515799604,200083860.8512381,136595.6500717977
212.0,199841400.38754907,136518.22022514718,200087128.8423811,140124.66329133525
213.0,199948707.89295718,135051.7933891547,200150967.1434023,137734.2376461188
214.0,199725458.48065603,134189.03477546686,199922898.09487057,136822.3573119829
215.0,199678063.73478886,134782.77551975512,199934043.62411705,138836.74303314564
216.0,199875717.16822574,136777.78713481527,200063398.96572956,138960.56912211367
217.0,199678120.26606643,136961.76793575508,199890452.42821938,140081.65090070604
218.0,198992465.8761216,132681.50030453235,199768502.21520877,140275.0502608525
219.0,198875000.72002664,132270.7741660144,199577664.52236262,138573.47727326144
220.0,198645126.0916008,127429.18343375801,199862910.29976043,138048.72243419295
221.0,198493339.47597882,126621.60619988729,199687482.00654885,138030.30013993292
222.0,199037549.34013253,132237.04785773568,199754160.1681354,139201.66883749331
223.0,198872557.68046215,132558.7903910982,199527360.16316456,138689.07735497356
224.0,198524500.66759348,128157.27754911508,199590490.18359834,137709.6378063238
225.0,198889266.91164663,132178.02646392628,199492044.2302118,137519.81846976478
226.0,199003111.87736353,132035.722432799,199610512.62663692,137861.7314293355
227.0,198224685.40711984,127981.3967706068,199331379.13796753,138821.061807623
228.0,198325049.572943,127925.668453792,199432553.5171343,138539.1980462795
229.0,198704463.64659303,131764.1836860373,199257088.0465507,137550.2357120979
230.0,198417921.49610934,129309.45351194697,199223717.5687809,136696.89223722628
231.0,196417859.00274158,125780.3464950623,196644620.4375349,128692.3529491351
232.0,196075606.45974407,124522.00652625115,196879714.97476742,132760.8487476373
233.0,196590007.71175498,130766.885349646,196863149.78128257,134478.53940707608
234.0,196384020.59036565,123728.15069961183,197280034.45599395,132578.1294977166
235.0,197050065.22139403,130926.71125446254,197287478.6957703,134290.94020751567
236.0,196923628.21439907,130265.12996517442,197135893.80958635,133119.58484125356
237.0,196659368.02051365,130587.85012680525,197106023.19832715,137428.73716136982
238.0,196098249.73583278,128243.84834549832,196952538.62869087,137690.60026558742
239.0,194137789.369889,129784.5186886777,194913207.87959847,137513.83240020977
240.0,194578491.23179725,131737.97429929557,194919328.1639991,136924.8492906002
241.0,194605169.28324032,135106.19696744587,194784578.4819865,138990.64800670437
242.0,194493717.79858857,134120.95691084387,194837023.29367924,138518.0351832099
243.0,194340237.52409762,134748.9966342356,194684551.94669408,138982.06739117915
244.0,194692112.14839944,133879.40290825494,194992336.02460784,138262.8160237269
245.0,194677234.71716318,135827.6364171103,194913505.62190026,139882.02520537257
246.0,194973564.18492737,136844.99880476785,195183131.2419956,140043.16168749743
247.0,195161461.83521608,139472.84837342572,195383179.62404698,142217.0714987564
248.0,194840807.56690142,139262.8611633995,195141013.27617058,142686.00051157686
249.0,195124455.43802953,141602.6373885256,195173896.02433035,142447.56274523537
250.0,195148861.6592346,139627.70743825944,195396236.67237863,142490.9654540072
251.0,188480638.36184844,148915.9928388732,188522821.87857163,149703.2261110268
252.0,188370489.78620762,149279.4946211322,188589837.96582687,154154.32731424467
253.0,188782920.03007522,157510.38451573154,188782920.03007522,157510.38451573154
254.0,188914670.5554778,156861.70166148158,189092131.5765516,158940.58363014512
255.0,189173079.01025173,158544.0791970188,189215050.30844012,159328.77997470583
256.0,188835074.17333853,157186.54719543815,189053679.4532309,159416.4014080679
257.0,189338152.7232463,160248.07430980794,189338152.7232463,160248.07430980794
258.0,188947309.3576542,155227.1136839682,189131097.07390237,157770.04034114425
259.0,189331274.4542744,158403.68036576704,189343879.94248077,158876.64665631994
260.0,189306403.31498262,157623.35450955195,189511050.6801594,159841.34553523746
261.0,188914891.11364883,154121.87920557306,189509027.42801237,160687.71979128924
262.0,188902807.14556453,156363.7867430748,189325887.1542333,160470.93592718494
263.0,188670126.01895934,155322.3863100901,189136194.44550854,160837.82093176988
264.0,188478087.5031301,152897.2516629251,189095481.05325907,159505.18665063268
265.0,188639321.74149427,155322.89212511826,189066786.68837506,159639.00467550318
266.0,188397605.19559777,157787.19697300947,188818193.4146309,161299.15490747176
267.0,188417364.15285707,156658.5020160159,188836835.89383823,160706.98653065902
268.0,188355198.4429845,151752.34761907943,188983771.37839848,159904.953444094
269.0,188505042.9256696,155746.06563199978,188955899.4530609,161061.23754374002
270.0,188142061.69991058,155286.13852500153,188667540.241967,160035.2080494082
271.0,189311394.74730882,152630.57165137088,189745340.52921918,158119.87820224906
272.0,188066217.76779333,146121.66603100472,188757617.05934528,155751.45177186813
273.0,187161776.4497242,142001.1978738032,187897757.01189664,151791.66795113013
274.0,186596070.40167648,144703.05845131073,187069600.23170555,150417.665242125
275.0,185382215.2106567,143803.60617171135,185863799.97339994,149571.57685384297
276.0,187773606.52201912,133820.80936764056,188172201.32964146,138206.5649098879
277.0,187591002.95002866,132583.6951675274,188014355.69845897,137359.9486809478
278.0,187814696.1186,133659.91212065198,188269010.98349074,139142.6844007043
279.0,187817926.81285113,135344.46340676857,188266361.61524576,139633.39437267964
280.0,187787576.2610691,135405.54036915483,188209643.30332458,139729.80340687887
281.0,187751129.2034145,134782.7087417182,188170010.26056638,139446.62951755425
282.0,187973863.31784752,134771.61450118,188415348.8682294,139436.57558126553
283.0,187809185.0607515,135414.90557102373,188214988.1328426,139704.82871253815
284.0,187353198.0200464,130281.29498026615,188231407.93334922,138591.5228831297
285.0,187880182.19995707,135788.97824344705,188288997.16960573,140487.40834273244
286.0,187987193.78125468,135946.52019604962,188390981.60364765,140789.84633326725
287.0,187893270.12766838,134832.56069591723,188321793.31025574,139327.54066603188
288.0,187894619.58149406,134094.3267195583,188302752.69790336,138690.11040051034
289.0,187877669.58343032,134598.5914113152,188298218.99925974,139381.31707627038
290.0,187939358.74002224,135737.647186702,188381436.20224777,140874.4859995735
291.0,187890148.1910398,135621.85000296874,188301588.07907665,139928.76465109026
292.0,187732193.0204643,135956.9378028592,188188241.2900892,140986.89017237598
293.0,187879682.44897798,136281.53664755472,188319144.50750193,141253.26205365636
294.0,187879558.96629748,136588.67586785555,188322753.67573595,141963.28057076508
295.0,187946594.1671866,138319.04528316142,188338525.85049918,141165.7193896721
296.0,187722407.43688527,134158.67371352005,188172093.25165072,139035.99623315653
297.0,187805087.394758,135515.63725234146,188204888.0445098,139291.37405695504
298.0,187361650.14010286,132838.63697426082,188272047.73703992,141987.09924534048
299.0,187780302.10221654,136167.20826163839,188203824.0220127,140928.09017682797
300.0,187389273.11197498,131299.03985006205,188326404.1601886,140974.89136446037
301.0,186921987.0865229,134383.0345411616,187802970.00101376,143635.0660060668
302.0,187447126.61211076,138566.43555147442,187871575.67087576,144046.80910533082
303.0,186891162.21469063,134326.82095092552,187783929.38938317,143758.53716904414
304.0,186763358.77487865,133940.16289850618,187639909.48957264,143179.81120474817
305.0,186744859.07960716,133846.84475455811,187634947.58053684,143393.00801905172
306.0,186808194.85932162,135544.2627071075,187720755.7129499,145896.19417999094
307.0,186938053.92378896,134915.00581648145,187870505.4094192,144867.29441106028
308.0,187284812.80465215,139011.4685837543,187728178.04800588,144092.87325878942
309.0,186744824.17684,136270.48473437625,187669244.32211244,144773.6650026641
310.0,187007743.62850058,137017.88799413285,187986695.14622626,146304.0979239809
311.0,187221751.87756997,138719.1355636723,188151319.88186237,149244.82250292943
312.0,187187882.4952885,137758.23307990722,188148097.05787614,148202.82576482696
313.0,187122043.70350325,138607.2736561376,188039089.94524986,148105.76495291686
314.0,187048129.88416475,141826.5786584265,187929142.64481053,149757.04700659373
315.0,187300732.59733817,140776.01348594457,188173107.8780297,149784.7043305282
316.0,187111136.43133068,142722.93756788652,188002145.42368954,150691.7654345586
317.0,187028499.3397348,142983.1099687972,187926136.93674326,150575.6521557412
318.0,187172676.3247521,141428.48214233003,188093093.48153472,150575.66860461415
319.0,187111041.23061374,141381.20318157374,188044949.32000035,151171.96505470973
320.0,185873476.8064989,136051.30258662693,186738735.0132265,143711.30270132175
321.0,184783533.0487497,134904.8339539879,185646414.55562916,142089.30023700083
322.0,185170173.6173878,135232.79814196058,186222776.82401976,145800.87343082656
323.0,185437700.6116159,135432.401108386,186601254.35803717,149015.547253336
324.0,185773233.11498502,139734.61298817358,187042933.11857346,153662.6317095611
325.0,185801760.34309655,140097.6540098481,187305926.54310742,155997.4281042477
326.0,186131778.3663818,136526.64088735508,187736014.65134966,155829.1811904883
327.0,187113880.55801272,143101.55827332183,188403300.2972865,156874.4680868549
328.0,187744854.25639513,142234.79861917518,189017762.08466452,156045.44590554034
329.0,188061114.18540683,146199.44258610607,189260991.80147257,159239.2045628617
330.0,188673334.30667648,148648.32030873428,189725065.10919565,159059.1912203075
331.0,188349395.6601321,147945.90852991884,189380340.7275002,157782.8035788208
332.0,188926432.2133143,149632.3675220478,189431133.9695062,154948.9743733402
333.0,188533692.14228687,146413.65747237625,189188976.96836483,154060.46273235342
334.0,187956708.57018816,145918.68258998165,188920559.1041439,155361.76721187288
335.0,187983032.8754777,149261.05938727048,188522107.9939951,155043.58213027235
336.0,187282796.89161512,143042.687873056,188294836.23965195,153337.96271478588
337.0,187977088.28928527,148394.68027158422,188170849.4246946,152107.4282703008
338.0,187226468.91487247,145471.17947246518,187808284.8380975,151804.76579187077
339.0,186958063.10375613,143482.3202974553,187621473.52132398,150753.90977635465
340.0,187071191.9518085,147524.89836532794,187209057.44839424,151089.58467972017
341.0,187096648.4117702,143715.29453928277,187462628.7711066,148531.72925099384
342.0,187203644.15559286,144244.71149427028,187626658.46666,150611.08394196857
343.0,187671519.0261962,143915.09147452685,188136963.77941152,151441.23787903856
344.0,187674709.0135465,148163.5419175845,188025758.26509768,153852.9370164711
345.0,187861439.67179427,150141.682832782,188267391.49588037,157021.98262524832
346.0,188162374.8984602,151148.76315159144,188528972.7776696,156667.13541389577
347.0,186375421.28371197,149035.04096520733,186820167.8831246,156857.28659578564
348.0,186633637.2988727,149970.29161645746,187045909.3138243,157860.84575176425
349.0,186497949.91682568,151402.01137366708,186929873.8679265,159757.82349630044
350.0,186247088.59452465,152153.5286021301,186691063.80369654,160387.11827586754
351.0,185877711.66870752,153820.20123337337,186313143.22059885,158947.53786452016
352.0,186099143.97975728,155313.24679650928,186593351.5842231,162206.6750987698
353.0,186183061.50820783,151712.79463519529,186779690.80984586,160807.7424065958
354.0,186008957.941908,156132.3308029306,186505241.9482044,162290.34644149808
355.0,185710423.1671729,155970.2733369936,186203120.53908154,163661.16255475365
356.0,185821457.8602894,157824.23538598337,186295701.1157523,164787.94881829954
357.0,185827050.7376694,158146.49684848086,186306482.5935437,164511.86242447334
358.0,185670761.18294218,160308.71429931425,186083295.17770547,164729.90603847272
359.0,185814086.30231938,158307.71390493642,186295203.6081103,164400.06435592897
360.0,185825307.28762645,162138.43414585668,186255004.88830188,166590.7880942542
361.0,185870395.23127228,162201.83351898452,186335372.8805417,169753.4276070796
362.0,185987962.39773902,165273.5871465807,186437466.50539854,171134.13205497438
363.0,185982144.79404536,167919.74567392052,186411772.89934522,172452.48183231294
364.0,186323329.6008777,167411.05676408415,186803006.2277453,174863.85559968342
365.0,186490787.54443318,166552.15294394337,186966596.63581184,173964.09431815663
366.0,186301692.50197378,168320.73867544666,186746733.15570235,174858.9862460277
367.0,186412306.43488565,168581.88573753278,186948507.43197033,176541.78698262776
368.0,186502029.58077788,170061.4375474621,187007386.53946552,177414.05848775897
369.0,186648297.6681295,170237.00645436576,187057130.3401009,176078.15153637202
370.0,186187149.48111662,170608.95325138202,186955062.95841354,178295.53488627097
371.0,186794910.58160627,171650.74278038274,187156178.9429768,175848.79867439516
372.0,186696786.4471631,172815.4848997518,187072579.6510726,177485.00892662723
373.0,186765819.55985424,173103.6984229837,187139638.1301351,177159.3938497015
374.0,186838459.0922002,171696.0712499257,187202837.00704575,175602.19803519867
375.0,187088892.4425194,171486.0081242597,187431834.11474124,175499.8824020072
376.0,187088352.85430402,170031.55359275924,187494120.2376344,175818.3712123514
377.0,186526500.59353414,166432.11708206954,187044036.95117176,173444.24184713897
378.0,186719207.25275412,168285.31481975512,187269981.54478732,175168.0914473638
379.0,186936153.78697768,168059.97640670193,187491228.37722433,174768.7507650153
380.0,186565707.68181518,166010.5764266649,187106625.03875986,173858.23300300748
381.0,186074838.35010856,167839.64463168767,186633467.12518048,174073.8948157574
382.0,186226059.09301203,164157.690659952,186922356.4096299,173442.45147429322
383.0,186326807.7761954,166815.2808379514,186915699.91141775,174099.53863004342
384.0,186126384.536398,167571.9453857508,186719141.6629156,173322.74448831112
385.0,186344528.8167841,164937.80649429926,186972285.29430708,172814.3819738204
386.0,186137887.6400598,166356.36036374123,186767856.35722777,173015.89838895734
387.0,186149516.57744926,165584.0337800406,186783315.36922657,173567.59079632905
388.0,186148840.72567794,163967.4327000164,186800802.14349705,171878.03951205
389.0,186168648.58479378,167923.94479177127,186770657.25748086,174425.3138015062
390.0,186206204.66486493,165052.71884154124,186817380.86217603,172564.87172129808
391.0,186379048.5290169,167541.13711545424,186998305.3234164,174190.62143867693
392.0,186467479.41080317,164986.08351637173,187110750.18320167,173095.50232051854
393.0,186180290.94939572,165808.18563025197,186789143.06384397,173517.77577918666
394.0,186083199.80960035,167265.89658209772,186686943.73122275,174294.25436518196
395.0,186256621.2788366,163625.77220243518,186913779.7398757,171838.91573172514
396.0,186108534.34757766,166262.1484993681,186678552.50415447,172416.15618723884
397.0,186813703.3103078,165526.29919039013,187099170.6301121,170675.5443255198
398.0,186829355.7306158,168403.56280392816,187057733.17662638,170918.86610519455
399.0,186601923.23058665,164530.93600844193,186910273.22439522,170075.92138267582
400.0,186447119.83596703,165286.40557661274,186673997.40934068,168904.17312708547
401.0,186739746.60727653,162960.45930403177,187017194.2626639,167621.29892345722
402.0,186659713.2697641,163679.35766386538,186903729.77279282,166347.52244141814
403.0,186632927.45800123,164460.72449368282,186887578.91810054,167490.97891309974
404.0,186641462.54402813,163367.66786592052,186935865.70058456,168284.1757334477
405.0,186538727.40078267,160843.7924842275,186783169.82882482,165253.5812641253
406.0,186601914.7314261,163208.8063173956,186858357.95297864,166720.97059937177
407.0,186654759.14366117,159960.80351873135,186982573.80994728,165896.28606594715
408.0,186420871.30069914,161361.0677286569,186688666.7730081,164629.64543655372
409.0,186539713.19310218,158798.69056549092,186832999.10417446,163211.443276543
410.0,186415144.7407906,160301.53041713947,186642255.83839285,163882.78231150296
411.0,162935343.08895183,148442.74441272375,163517650.85685325,161368.98191966306
412.0,163180673.15638688,149226.65352492654,163630571.25714144,161927.44987057798
413.0,163084273.29268318,144579.0756265319,163771844.23169902,157953.8121678263
414.0,163018007.30969307,142870.09882871233,163644239.23209527,156457.13335909363
415.0,162966494.69668964,143748.04908596957,163559259.85627988,155918.48316231673
416.0,162711368.98943207,144321.5141769581,163129003.16447523,154989.7409688563
417.0,162447420.3711927,143796.28379647882,162839917.33125192,154925.36181513424
418.0,162659191.4073483,140566.53423500652,163174208.11899,153888.30245269995
419.0,162447073.12990716,142077.26726383567,162905655.01638076,154352.45803139836
420.0,162574333.8186447,141676.0523798591,162934983.47749922,153680.75930812597
421.0,162415312.16905648,141782.55124071208,162831453.67291802,154290.31732337203
422.0,162704559.25863892,143303.68415692807,163103062.5008629,154608.98877872445
423.0,162483721.47928762,146023.68880930933,162834528.64990366,156629.38136287424
424.0,162567161.3446055,144738.895616986,162984463.9495309,156870.4588880689
425.0,162620435.44147262,144454.72334506508,163071769.60209733,155460.73691572115
426.0,162742446.36958888,145041.9838217344,163233957.11162195,155213.96900259083
427.0,162814880.93547538,144238.35886148986,163357165.55284712,157407.40571741803
428.0,162443985.7940628,146791.7325253186,162849868.60590678,156293.34262944496
429.0,162389150.5282362,145678.31283225393,162733612.16075158,156428.9562951158
430.0,162773347.2333877,149460.19957170202,163087010.26288834,158307.62969077987
431.0,162907547.1280785,150078.3584238855,163343441.47490662,162717.0486812626
432.0,163092788.001311,157065.3853672637,163414725.41977096,165175.6653402172
433.0,163501395.216388,157755.96902670505,163962785.99145848,169768.73147204402
434.0,163625295.16640577,160392.85505912377,163952369.3342683,169712.510944649
435.0,163465410.72585335,160599.65672262688,163734466.88403842,167898.22451778222
436.0,163313798.9870415,162996.233850357,163614853.76504,172662.87806356244
437.0,162700356.99411178,158981.0135885471,163530411.25096297,172777.48609103492
438.0,162678099.37467673,158042.78497378185,163594054.23996037,171154.2743287658
439.0,162615938.66974634,161591.08959875192,163343928.71641797,175357.0750950514
440.0,162405609.21539745,160745.41352697738,163529754.66708064,176050.01016936862
441.0,163002426.30755135,161083.5053222982,163862150.61260197,175383.42197037835
442.0,162513504.56009498,159976.1411546255,163777203.58715338,176054.8112079819
443.0,162840595.29320356,161155.83563162532,163727103.33089516,176704.16675045545
444.0,163589918.81572062,168810.0320625716,163891816.58804074,177164.59046121885
445.0,163132976.7905598,161908.39257542096,163946604.7646002,175985.01794468486
446.0,163496542.1717386,162077.85457740887,164226522.7649163,175296.1289521123
447.0,162437945.7991906,159223.13026324962,164068974.11892727,178167.73533147015
448.0,163673091.82994813,164508.06264125713,164381142.86640367,179520.47434131824
449.0,163470242.795765,166075.12409275782,164305310.093797,180301.98868286717
450.0,163157944.0700904,157615.96770593082,164950896.06483668,179101.16435393546
451.0,163449265.1068277,160615.5083697906,164781021.8865516,179317.66615566032
452.0,163996877.70776,166103.31670489517,164845466.91873828,181022.29884324144
453.0,163879166.4770481,162540.24017852865,164871994.68667287,180215.68569201243
454.0,163256187.9795426,162592.01691356,164674460.26493725,181861.77539796988
455.0,163509935.55987707,161824.88716776407,164703496.2513112,180645.96839172422
456.0,163245236.87214997,161588.1694318615,164447109.21568388,183257.887611181
457.0,163399961.356807,159866.86629126273,164842893.49584898,183458.00798885486
458.0,163119293.18837494,160688.18574202352,164463071.51250386,181655.61368127863
459.0,163309774.76998234,157999.2264193539,164968403.91741472,183582.240067863
460.0,162780320.35255462,161339.24950674374,164337523.22569796,182087.99810291798
461.0,162721335.5920256,156820.94460161467,164751212.83901602,184152.96822382772
462.0,162837758.2895729,157331.83108584624,164674889.47657406,183745.88758245754
463.0,162621470.8382996,161036.58748124735,164584729.40984365,186781.66532225467
464.0,163104986.543363,161040.90762275195,164948755.70115164,186870.26329831764
465.0,162893611.23263633,161476.5716209477,164666036.93133107,187101.25070714724
466.0,162102213.33880106,156620.45030404403,164761614.65829736,185610.5922030337
467.0,163507691.08609644,165133.8312698504,164898955.31408846,185163.7753668225
468.0,163519441.76456663,168253.83091683648,164892912.83899337,187681.41530994908
469.0,163213079.47058427,168638.04558711895,164491072.49502087,187062.50068024115
470.0,163448149.94354177,166794.6064328455,164917147.34724906,187967.77725959953
471.0,163680611.48756528,168471.25329208004,164856713.114597,187944.15904128432
472.0,164113904.60088307,173612.26080913172,164987226.4990063,186390.87963841297
473.0,163994112.72758555,175207.4462469658,164820035.86995995,187942.48549976834
474.0,163495505.59739757,174075.72903060986,164470889.6286448,189452.68510480292
475.0,163871925.50624406,175186.20923835278,164966082.8124132,191829.3603377457
476.0,163782287.68039447,170928.8458926364,164920119.46565,189189.86702790545
477.0,164011627.04422405,174178.0541888052,164965008.6762131,188261.7305537519
478.0,164094109.45701402,173159.40642345636,164993878.52170172,187607.40818851217
479.0,164039207.7025363,173661.13375322588,165098488.37769225,190390.7024729158
480.0,164095783.57750893,173180.9577811556,165174822.45056146,191824.73874268602
481.0,163076592.50159413,167066.388170579,165006450.75408465,189772.31579077645
482.0,163514279.976816,177572.99796355166,164438685.3996576,190390.35717240348
483.0,163757916.2740051,177696.7432119249,164640507.91454142,192481.30019356447
484.0,163915425.10963118,174247.85291829094,164912738.6580647,190202.23014651702
485.0,163852700.4912854,176703.725275919,164699364.5549368,190363.48939071476
486.0,163880739.894901,173454.77122076778,164959574.754373,189841.82094106654
487.0,163985957.4674177,176374.4160855361,164684239.30086824,187831.67849116892
488.0,163135728.85194415,169597.66271865834,164669809.7562827,184748.47061132485
489.0,164031632.97233808,174701.20320076504,164847906.40126514,189642.20768565577
490.0,163942265.3044443,170574.00952005727,164921742.62673244,188283.02372275756
491.0,164422345.50794294,172369.09715451166,164903988.41864485,186512.4856758999
492.0,163423787.7525958,166201.0125753848,164750580.33285028,186663.060154868
493.0,163271371.23387557,164277.983122412,164782080.41116482,187207.2698448093
494.0,163673984.3132716,164434.9463619376,164753206.56433406,184382.34312089405
495.0,163712843.6687196,164173.13194235382,164712239.53346533,178559.34392074862
496.0,163253160.7591388,162240.42029401677,164473957.2958543,180401.70721816865
497.0,163271751.51655763,159221.8164072605,164505503.38097665,177641.8309802873
498.0,163108946.89708158,157740.61276647216,164268308.35150954,174723.54639670945
499.0,163262119.81830797,158625.19049186236,164324828.82487008,177038.69398110895
500.0,163464361.53368786,159319.13410580286,164336062.19572616,174827.48372485978
501.0,112862681.315525,154079.13333598225,113302472.65562099,163575.8841068172
502.0,112987384.9555311,153001.70407480866,113428970.38898048,161907.1976436981
503.0,113360544.35278712,148999.3069172855,114265537.72124407,161546.0781282774
504.0,113237176.73112209,150039.90087658516,114156875.63390929,161902.63138050737
505.0,113280504.40688191,148424.29178558377,114172646.6851553,161515.8219179802
506.0,113205057.20817381,150451.71242034753,114087002.51741213,162019.41086718754
507.0,113082523.88554715,149652.9658558478,113957076.6310833,164413.77004364535
508.0,112289990.60167083,148343.33691454303,113374303.1061994,162368.4816132266
509.0,112847993.74776092,150238.7071653322,113470007.48337086,160370.630710627
510.0,112797839.63463992,150063.12684769084,113356681.30242427,160247.41354585154
511.0,112265611.317523,146401.7928857162,112803728.70063752,154581.10841896044
512.0,112078767.72312441,144336.22019312947,112588178.72366497,151788.4688534252
513.0,112167216.1160112,144231.215579725,112692559.03817253,152231.67941245565
514.0,112287745.72568601,144551.3627698872,112795182.03481172,151559.95502826065
515.0,112187085.8660537,144991.56739678764,112730585.09405994,152784.95746863226
516.0,112064712.53154208,146588.62896046383,112540209.37905993,152787.7444790501
517.0,112239377.02388206,145092.35011740233,112770586.0868012,152129.2027585842
518.0,112186975.91520955,146169.85566097152,112734483.42431001,154748.7396986653
519.0,112728539.07144855,142449.84705597794,113594270.11785772,153168.5460622847
520.0,112818467.41995181,144100.3845647388,113711343.50683208,154120.1906875731
521.0,107778013.98793882,141243.3824640545,108647221.49535343,148689.0499275321
522.0,108660935.9414177,145958.41582402674,109021166.32645012,149827.20341922142
523.0,107812020.70335883,146901.74338018236,108158455.09179243,149872.6478103774
524.0,107517044.07456012,148144.4560409101,107881904.73847188,152067.595282373
525.0,107754435.1346311,146409.43737900993,108129171.3721214,150367.50914466105
526.0,107822072.971002,147337.1608456297,108181357.75503862,151283.0777016497
527.0,107758544.95578031,146216.96829807397,108125346.13102065,150465.10046863882
528.0,107907024.38058963,146582.8612565542,108265450.65899318,149799.39128429195
529.0,108081061.84790927,145842.437267323,108449228.52143477,149623.09012637983
530.0,108027694.07178627,145609.98765446202,108386302.05472445,149844.31510149702
531.0,108022945.91933037,144582.05077847862,108371172.86895792,147586.50402824255
532.0,108232567.01021104,146028.36419014726,108610936.53378753,150510.78390026113
533.0,108401454.54027136,147418.785642219,108743372.90053597,150566.15258467424
534.0,108492241.13556479,146641.97405303258,108863587.7600402,150370.83781017835
535.0,108443956.3844503,147941.4849941629,108827413.01775639,152517.0546636657
536.0,108527727.62169735,148932.13021963052,108881964.83277524,153230.62083404028
537.0,108425008.10832374,148866.51009036566,108786638.61297624,153978.75838515646
538.0,108504805.10655041,150659.87220700545,108940839.28161111,156695.58259069241
539.0,108554937.6458045,150595.97497041625,109012284.1831097,155696.72494398383
540.0,108570635.32181582,150583.25659315294,109033670.83358175,157308.83935130257
541.0,105543904.84248798,140998.36071089652,106015328.24298733,147442.60422231615
542.0,105771679.10907176,141965.8034082619,106261468.72195387,148292.49960368953
543.0,105712952.55065966,141284.3490354443,106226363.79523018,147890.34496599078
544.0,105522363.72765398,142184.36377108542,106096321.2406755,148595.9212625125
545.0,105583926.72236204,141145.2214616385,106225120.46056029,148989.1999163722
546.0,105663299.26955578,140606.30480744175,106344533.3486388,147632.2446938056
547.0,105676319.12934875,140110.27352693133,106383317.54674883,147754.7843595494
548.0,105716931.2683683,140884.51313848599,106443458.27663459,147756.6613270791
549.0,105769468.5532264,142436.88114685204,106566964.64563982,150390.02143620473
550.0,105251302.35608304,147346.5278259858,105576616.45762837,150452.50249913445
551.0,105195209.52161004,147443.3892475754,105591971.32743043,151430.1730568555
552.0,105168491.65279238,147781.73980079996,105576148.02457139,151421.97281720143
553.0,105443321.27769445,148688.63079178057,105875462.66809678,152328.81708095723
554.0,105349834.64763094,148767.29427132377,105817608.70666653,152629.77403726373
555.0,105845905.18731962,154490.55043062905,105862867.19526388,155608.30489986492
556.0,105823039.66671078,154190.3202089887,105839928.07536557,155301.4557482058
557.0,106103163.31271562,157337.876130833,106103163.31271562,157337.876130833
558.0,105923636.27162188,155718.53049891096,105923636.27162188,155718.53049891096
559.0,106071412.57092232,157995.2114912659,106071412.57092232,157995.2114912659
560.0,106211684.72409321,161064.09136497925,106226661.53420018,161946.53924145983
561.0,106144678.86024672,160363.9118969112,106144678.86024672,160363.9118969112
562.0,106067676.85399021,161877.34571565775,106067676.85399021,161877.34571565775
563.0,106144319.0519201,161939.96406225205,106144319.0519201,161939.96406225205
564.0,106240411.61431809,162036.8081159765,106276969.66385801,163242.34232693922
565.0,106144032.14619967,162596.75322841282,106144032.14619967,162596.75322841282
566.0,106374601.62594204,162746.17202217274,106374601.62594204,162746.17202217274
567.0,106352494.53364463,163474.67539765936,106352494.53364463,163474.67539765936
568.0,106295035.52576382,162230.65460281045,106305050.32764845,163169.93339470436
569.0,106288238.99498953,162576.990708177,106308354.21962842,164465.22554458014
570.0,106259792.68941563,164115.52831726716,106269807.49130005,165054.80710916084
571.0,106444803.38812728,165265.83643717013,106456054.58481528,166316.30908493508
572.0,106370521.59570715,164393.36417499813,106384245.58200152,165666.22453450508
573.0,106429071.7026957,167340.96257852827,106429071.7026957,167340.96257852827
574.0,106463006.86971179,168757.27600851847,106463006.86971179,168757.27600851847
575.0,106601214.74300702,168225.34078297563,106601214.74300702,168225.34078297563
576.0,106634711.39540413,168502.12281161518,106634711.39540413,168502.12281161518
577.0,106661228.24837823,170690.45899808168,106661228.24837823,170690.45899808168
578.0,106692460.79729804,171207.14252366382,106692460.79729804,171207.14252366382
579.0,106789772.40934643,168911.46171667875,106789772.40934643,168911.46171667875
580.0,106747549.35120824,170312.1639247735,106747549.35120824,170312.1639247735
581.0,106670736.60726157,171388.1763516846,106670736.60726157,171388.1763516846
582.0,106863720.27341624,170495.22578317963,106863720.27341624,170495.22578317963
583.0,106695176.00484629,172423.86895306376,106695176.00484629,172423.86895306376
584.0,106807387.24898711,174164.68532149197,106807387.24898711,174164.68532149197
585.0,107043006.90604135,174487.5678478626,107053144.37204328,175439.88830742112
586.0,107210984.301084,174066.6580387665,107210984.301084,174066.6580387665
587.0,106756525.6793475,175015.57459862178,106756525.6793475,175015.57459862178
588.0,106769390.81853521,174337.59517164307,106769390.81853521,174337.59517164307
589.0,106888236.53480107,172386.05600871518,106900848.33767854,173050.98422676398
590.0,106715773.27680019,170446.92352263164,106715773.27680019,170446.92352263164
591.0,106785964.59765871,171729.49228436183,106796102.06366086,172681.81274392057
592.0,106964697.24686405,170668.25624018142,106964697.24686405,170668.25624018142
593.0,106599909.99775821,169914.26801423827,106599909.99775821,169914.26801423827
594.0,106762699.71934953,170037.03202536798,106762699.71934953,170037.03202536798
595.0,107118214.86908716,168259.01700659184,107576492.79271474,171570.6866162345
596.0,107394499.78486449,166403.99997076934,107841024.69916567,169713.9437610749
597.0,107967094.91667463,169814.82886669136,107967094.91667463,169814.82886669136
598.0,108331889.573941,164810.26453884458,108729939.1796093,167527.04423646472
599.0,107984110.61396624,168495.7320968946,107984110.61396624,168495.7320968946
600.0,107565770.22136116,161205.06120440597,108007171.77850269,165841.14893058158
601.0,108108748.7854275,160153.29658170653,108808637.77897657,166991.46222754224
602.0,108363504.38838205,161527.2347536985,109005069.25425333,168173.013750607
603.0,108484873.24811481,161063.6045268367,109072635.1230435,167732.3711395819
604.0,108480418.94946614,166155.39848944347,108668552.10286522,170061.03969233995
605.0,108792466.36673142,162536.48343768727,109263689.2134903,167971.75306042793
606.0,109070764.65707669,163642.154052793,109484745.66440152,168624.0131209689
607.0,109249064.9916743,163551.85385584374,109639383.59938689,167941.87472801586
608.0,109099009.96763198,163154.86581252012,109461602.13868551,167787.75988939917
609.0,109222891.35831735,163556.7285156342,109574840.50880913,166388.5346352637
610.0,109181092.14227118,163274.663943258,109537160.27796277,165944.99173253524
611.0,109316381.92453966,166991.5285756465,109654082.70432639,169521.51226513638
612.0,109551420.10791747,161106.96382915412,110110677.02432258,167181.99583792212
613.0,109159782.01498298,164391.43894583345,109350231.65145423,167978.28085506902
614.0,109700023.76324661,159321.3551805634,110242246.686906,164798.72283188213
615.0,107493312.65795456,162567.86421654193,107665487.64596929,165557.49882914653
616.0,108091877.18840721,161929.96730144275,108589913.00294204,167353.54212792055
617.0,107815984.03439222,162754.94601211615,107981103.79235157,165528.95548778135
618.0,107947620.9831543,161298.11163054832,108434843.08087985,166494.1844331724
619.0,108268071.71421655,155933.53653947852,108934524.79197825,164221.65545560926
620.0,107947708.17349182,159648.6848274573,108456578.88549054,165214.89471100818
621.0,108123598.78715506,160378.38818732617,108649794.7986484,166609.67888371408
622.0,107979552.45294145,158778.9467617102,108469515.36995043,164253.74215004419
623.0,108274318.09588559,155949.50665274388,108910647.65803218,164567.66621150574
624.0,108099289.68223609,153589.04360536212,108726103.539077,162639.82519490956
625.0,107987047.68271126,157809.22507004655,108486041.84613478,162785.80668459192
626.0,108181911.69830553,158324.84273310855,108663537.39237763,163133.57602515578
627.0,108129431.67771704,154365.54451743295,108700425.1898928,162146.78833737856
628.0,108129199.23856841,155594.15761257926,108732607.69853838,163960.8406679264
629.0,108366295.12869647,149395.18670672356,109125115.12277645,162207.54261278396
630.0,108572027.13181211,147950.89988031957,109385606.46487112,160993.96490369894
631.0,108248306.70225288,150119.3145448336,109061236.34814927,163091.81021207047
632.0,108356687.18375851,151389.9921569215,108962695.53972477,162263.76563584036
633.0,108200607.92780678,149775.49800277562,108814842.04351526,159702.90658146597
634.0,107974680.9632355,151234.60543392994,108595390.0769281,160734.88506479218
635.0,108390762.0451976,150044.48049446678,108957619.16854128,159743.24920375817
636.0,108287382.14717463,151090.37249145203,108877828.66733353,161713.3251346618
637.0,108381410.09809478,150947.09938822576,109005850.3423677,162367.6373615267
638.0,108189137.3104384,155470.7644749273,108753321.53084403,163957.67137864488
639.0,108387844.47733723,153023.60908083039,108961554.55084705,163745.73688809416
640.0,108307616.69566768,155593.2026497056,108888484.56427988,163163.78698086835
641.0,108476153.58637907,154740.0239172759,109012488.72782265,162701.93909359156
642.0,108373797.49039334,156027.30023681434,108947696.00741616,164952.5536693693
643.0,108706342.1585865,154435.61692842384,109443289.55117826,165073.54575724422
644.0,108686333.53313048,153464.04018447112,109406392.90420307,165651.67975056297
645.0,108344931.3682316,157427.59586468668,108913915.48430228,165633.6803527592
646.0,108282593.03503172,158923.72881822393,108679810.73196541,166884.57620963454
647.0,108500960.76044638,158343.62302966462,108906225.96543148,166468.21557731368
648.0,108365709.31306788,158981.68697968507,108766114.04691155,167872.07477493587
649.0,108276178.50617024,158802.18083283998,108661592.68922162,167059.9200534164
650.0,108356905.66710669,160357.79274993346,108738107.09969442,167736.79582892856
651.0,108371692.7771758,162486.71872073083,108709598.84663504,169421.90991784484
652.0,108863212.36232837,156250.6552131324,109566573.79403153,167141.7221971844
653.0,108317192.6811329,162198.43558840943,108669567.45125379,168768.564126739
654.0,108725620.287209,158766.35482860703,109444303.42346296,169594.15619160328
655.0,108405967.35632417,162209.6188931817,108789801.41792408,170539.64257827838
656.0,108846449.25233662,157362.12642467368,109577908.50563714,169190.243410046
657.0,108596897.67714725,161636.30014495546,108993000.83806084,169691.99741914563
658.0,108576364.6070497,161724.27207548253,108978401.5690964,170750.34584453225
659.0,108733808.62475888,158337.8875210456,109478037.12872082,170668.87233739288
660.0,108486356.64938824,159877.64735131708,108894935.76192757,167850.3873997765
661.0,108801633.2994001,157885.5934275912,109538542.28693476,168738.50620456118
662.0,108424153.80976751,159704.50495796892,108823556.38848156,169332.74454126216
663.0,108756533.62776023,155920.8779456819,109482324.44117276,168244.31911371305
664.0,108379408.68896072,158538.2947243183,108800894.60362872,167002.62387245285
665.0,108801763.12765418,154004.9280675573,109529210.85218778,165868.6508034883
666.0,108439326.43914346,157208.24801681604,108839186.93842751,165146.60622774917
667.0,108912678.58054648,154675.38753109862,109668361.10589752,165641.13905447803
668.0,108563845.80094282,156723.7044330826,108983587.54160462,165565.35623414154
669.0,108826403.90654862,154037.70387627967,109565787.36642772,165356.2825288505
670.0,108427209.01496762,156380.25735236163,108816284.86083181,164124.50925647
671.0,108119099.95340848,152526.03847559632,108993145.31645544,164109.82318165334
672.0,108200907.56590384,151471.00563121837,108932862.96458805,162276.5270315594
673.0,108191583.22239774,151294.52731145849,108809281.34411453,162120.95368542275
674.0,108728919.27346517,148181.7987039633,109581585.10046,162115.6332698874
675.0,108532816.48168062,151084.00295450882,108991492.85411122,160409.03475124674
676.0,108743177.22025375,147390.96117388754,109496140.8385794,158829.64573591296
677.0,108570168.73752002,151770.82493279793,108979860.8476128,160809.4601547157
678.0,108331493.32182637,150877.270183602,108874298.10809901,162240.45876168285
679.0,108050834.2561461,150920.74753120344,108764371.90978843,163741.64622947216
680.0,108231906.79493988,151611.06263598782,109099302.9692388,164933.50412313978
681.0,108699522.87010634,152687.01877550967,109428345.9017139,164048.8031001681
682.0,108288879.46831882,154240.8530767762,108701848.70469923,162432.22467406042
683.0,108556879.32513344,155300.7851750586,108964188.70122671,163327.21101107894
684.0,108779384.30900879,152309.16545592409,109518146.43227263,163434.3383632868
685.0,108323218.9640461,155230.83069445778,108704406.38622,163706.3464360439
686.0,108603963.26893827,152473.20803796552,109351592.21773367,164000.51620155128
687.0,108379003.53018111,156696.29220751225,108799597.00137599,164615.48521514575
688.0,108330323.35540499,155379.40387655277,108731369.71027905,164230.18534348585
689.0,108764859.49304119,155135.0459689123,109513904.25183341,166138.10217970688
690.0,107686240.13375199,154094.38525578176,108540806.48299176,165609.78166026104
691.0,107884587.88705549,154528.83621970238,108641205.15971808,165959.63576356543
692.0,107917961.96514025,152957.4355496074,108611165.68651034,163781.48175912938
693.0,108234323.80126756,149322.5531265075,109187468.58364819,162607.01756720495
694.0,108164860.29885656,152656.20147622592,108807710.01323517,163001.730471085
695.0,108027169.51676078,151799.8063950607,108548678.9620062,162162.93333128004
696.0,108396737.47919485,149284.49600866748,109242860.1960337,162539.06707166563
697.0,108393464.13810666,148632.92358736266,109194458.31597485,162758.41586733647
698.0,108370166.83941758,147777.08761800092,109028367.04222174,159566.49800577853
699.0,108381504.27940679,143577.55747845772,109318584.86776607,157408.27916181774
700.0,108281800.02176812,143046.57061045239,109203346.69559063,156455.5037490902
701.0,108398259.195711,143575.02535032248,109292153.8440439,156218.66961053573
702.0,108391254.29512781,142964.0174646754,109307066.43355262,156459.80120938964
703.0,108538072.06475662,143098.00240162117,109444321.96230054,156588.24960233876
704.0,108268197.06661521,148196.63934845498,108838310.53964233,158967.34717723916
705.0,108318542.4140838,147621.15733680976,108911362.57365687,158210.01391076716
706.0,108059280.5265935,151343.8774737881,108600886.5235816,160487.2026446387
707.0,107999805.26417561,148611.20340775762,108658722.05145566,159576.23765957533
708.0,108659563.44869956,145745.1016687121,109659813.55544004,159407.70351611706
709.0,108528635.92273033,145982.58458508964,109470633.95993207,159061.73332796566
710.0,108641901.22135574,144870.05318078172,109575453.10479568,158618.21132925703
711.0,108648259.33312255,144769.59511225572,109590223.49636948,158672.73890481048
712.0,108217724.16420239,148496.3015997455,108807733.51251361,158549.90224490862
713.0,108113345.01965213,146518.90993128342,108683573.32386684,156193.64833541846
714.0,108279564.82821526,149819.01590030172,108813718.91882238,158302.53473953018
715.0,107978455.01078582,146784.0060725376,108600068.23642667,158039.71119095664
716.0,108671574.19776475,144738.09861284855,109495992.95739871,156661.93183158326
717.0,108741044.92115794,144148.883758757,109595321.08467393,157802.67573605504
718.0,108625185.24631882,143821.53873675087,109499620.09917022,157211.44000680975
719.0,108142279.81332785,140100.56154213665,109505085.86636381,158229.38755138876
720.0,108170259.81621641,140437.19727005114,109521326.67951475,157382.8708748128
721.0,108060856.6624946,144122.54729575178,108987559.9750943,157626.68063763587
722.0,108027826.53878643,143564.29631148785,108924097.03142054,156983.15024542803
723.0,108037198.5693517,144107.8647857548,108848170.85472508,158413.72363832605
724.0,108338184.47621801,144537.48261461957,109096594.22568457,157510.51875339818
725.0,108355219.32031141,144390.9307283346,109037757.51298523,156590.22791844606
726.0,108287990.85023159,144971.17033329076,108952585.16388391,156443.59955771212
727.0,108387775.75971079,144299.16586215168,109011927.77614772,155003.4731383086
728.0,108373868.15575004,145529.70474797845,108886887.64734559,154453.40465839306
729.0,108491144.36519429,143807.89551794986,109096645.77829625,155931.64238092618
730.0,108596712.02343553,144966.2920647052,109174611.04071146,156116.96462817138
731.0,108426933.30391043,146496.53887599512,108989251.64604233,157441.40942592453
732.0,108497819.30291858,145464.25107590278,109087866.73377927,155461.78110207556
733.0,108531747.39426732,145080.0109415443,109128928.3054307,154816.9101914084
734.0,108480953.21635067,143705.88067637593,109050516.31653823,153890.76187876696
735.0,108643272.40368493,144493.85807046638,109210073.06858698,155359.73617551557
736.0,108743182.06626248,145734.6742164756,109260682.22329228,155493.93671784422
737.0,108610129.87758717,145423.89606373978,109112172.33507018,155943.025598137
738.0,108650716.46153715,143881.77922139099,109177841.39447956,156108.95212724342
739.0,108530653.57399108,144979.75009532188,109081623.65206742,155125.81070048755
740.0,108535326.77916582,145091.71180679873,109068162.37113178,155575.52418216653
741.0,108544508.24956219,146701.77703624027,109064232.45585172,156204.7204695959
742.0,108739428.46592656,144226.71226228634,109267808.61297959,154071.03655866397
743.0,108621651.17949638,144393.91302321493,109188899.29268764,154668.83176654798
744.0,108505474.34889446,144067.79246686344,109057944.82323556,154625.94074565996
745.0,108532440.88415259,144008.08547821798,109091681.46878599,154516.82401208297
746.0,108522222.57225285,143589.74196134956,109077150.7245101,153743.4047723773
747.0,108534111.67284457,144970.56260931536,109116547.83557169,155238.6901904965
748.0,108704415.07865329,146443.18735849686,109257797.64350794,157085.70030995595
749.0,108675613.36020203,144837.53489939953,109253103.25344591,157030.2305007599
750.0,108538186.23354761,144026.58972961752,109128084.33001833,154702.28788186354
751.0,108537120.20723149,143313.185678952,109120098.69573227,153746.63728559465
752.0,108555744.88885002,143348.49050731194,109130189.90870984,154078.55750062043
753.0,108408281.3130503,144458.88253572746,108982382.29853578,155100.26278312
754.0,108414031.97557087,143527.05511951208,109019575.05957246,154036.57992841073
755.0,108631240.5806719,145484.93967712813,109199327.25499319,156792.04546824642
756.0,108546256.56456119,145115.7011811185,109107381.19663748,155598.56805915936
757.0,108399174.47926347,145682.4176542748,108998108.83840257,156943.5296016807
758.0,108435431.09541039,144533.3749756295,109033930.2539272,155138.69782394177
759.0,108539725.20987235,145033.97591974842,109128269.12528646,156912.90640780475
760.0,108555216.21658388,144997.18348208914,109077926.19741488,155555.37017002175
761.0,108350370.88190842,144840.1100820496,108912070.71040942,155457.856363894
762.0,108431263.28112152,145092.14099538914,109005780.27980837,155747.48421407814
763.0,108522946.46835615,144702.98409452845,109119921.0987544,155985.44076039866
764.0,108344804.72065929,144358.4329344964,108905896.62254989,154425.60153330537
765.0,108343819.83614077,146140.92750524837,108897213.52032891,156070.9899770937
766.0,108428054.24622281,145477.63619593738,109002833.23620434,156142.03504247594
767.0,108400498.78047693,145043.3796533719,108934451.11060786,155227.01162996163
768.0,108415903.10041812,144897.0036243878,108982418.02496201,155319.47006770148
769.0,108350535.18573666,144289.22831068985,108970132.49922107,155239.48537890194
770.0,108424085.07874021,144519.89412247867,108974777.33129708,154060.79429424246
771.0,108311323.38537708,145546.58145815405,108881665.74959564,155192.48821416096
772.0,108526832.11857405,145319.07053891124,109109890.37908831,155301.38296874263
773.0,108286342.60392869,145412.13339399692,108849603.42965537,156756.76363524573
774.0,108406408.34097508,145348.9154385999,108973593.14139451,156092.30146806163
775.0,108273076.50558096,145610.99889901452,108871579.70260824,155088.73315235798
776.0,108207774.91019702,145413.5731701961,108780327.62419143,155303.44351290623
777.0,108506381.94900353,141672.91691431368,109409053.07360952,154659.22517123178
778.0,108153931.49496704,145547.73545562947,108727036.49727932,155818.90152501827
779.0,108612269.27989039,141908.9438126981,109487037.8912173,155233.6000734345
780.0,108357552.27930677,145131.78616266896,108926767.88318922,156756.593741294
781.0,108162576.22515789,145287.14289794458,108698583.12000564,155665.956269337
782.0,108201023.18967238,145153.44863586104,108833992.28173965,156624.42474687827
783.0,108109277.76785585,144477.1119610159,108660773.26792555,155294.89065864525
784.0,108695974.26147495,142579.6554235379,109614456.99242601,156735.33392411537
785.0,108567674.12839587,141482.93590205276,109466818.35821944,155843.9010010533
786.0,108327631.22530274,142471.54460701605,109224213.59556463,155723.13892251856
787.0,108367644.99127884,141652.38331143922,109277688.34892721,155391.88871230296
788.0,108575211.06272683,141828.76290263527,109485719.42930569,155738.24619893226
789.0,108228766.25821549,140973.49157502258,109121201.19600189,154084.48517649606
790.0,108441187.95812573,143044.7852430046,109324534.78639166,156463.03723121132
791.0,107960787.11983606,145877.53156500612,108539766.15978113,156148.42225920275
792.0,108005183.54453744,144926.11858160605,108566037.04816338,155345.3749936778
793.0,108067865.35392433,145751.4819982285,108703224.90311317,157206.7832825102
794.0,108064991.81818008,144961.19032977888,108626210.96309328,156216.71011129976
795.0,108204808.17176302,142295.39766714524,109131037.21060023,156173.69636430146
796.0,107907063.74223207,145985.40149672228,108473604.69654818,157472.98282622392
797.0,107967509.18598913,144691.58641990452,108508725.0778227,155247.779274772
798.0,108322917.4663423,142398.32412064343,109211717.07845598,155324.44485079116
799.0,108971411.01724842,140259.46748766137,109615059.05790098,153312.1109831049
800.0,108010265.24099307,134521.62685399657,109092036.00689705,149291.01949351403
801.0,108313656.75809543,132023.10377338712,109644142.94885519,149378.861811658
802.0,107830696.47527328,133564.17346325677,108849922.58778146,147860.20652638417
803.0,108406851.92448482,138081.3692689587,108995960.94758299,148662.7742531265
804.0,107940004.60369544,134578.20374886945,108984295.35656469,149545.64612851306
805.0,107777475.66151471,133292.20633397176,108794361.84940681,147442.42687152373
806.0,108030415.49127407,130819.68568247276,109384744.85625736,149050.6381956315
807.0,107700643.10882121,133185.6988316208,108767007.91132699,148356.86737708424
808.0,107798122.5526702,134190.09067696737,108806294.33859687,150064.92574952584
809.0,107721183.2017231,133805.85712740413,108707012.90887123,148573.62339576363
810.0,107655387.98599888,134193.3879606061,108747959.65474051,149663.909014477
811.0,108027235.78483847,131134.98436794386,109460397.28375024,148989.1544854081
812.0,107772051.29823992,133312.18901772652,108718411.26794973,147418.82730431628
813.0,108178273.36922401,129528.98736606032,109436733.36866534,146684.58451925544
814.0,107940638.1399619,133336.31908745394,108941664.6869712,147503.48753373453
815.0,107821009.90137854,133469.49166136392,108842211.4023782,148182.46816108775
816.0,107776298.35322995,133592.63680226414,108786649.06143546,148663.48184203444
817.0,107842498.89340512,132323.37140397084,108897819.20660275,148273.84618306902
818.0,108597781.00395031,134235.0379331608,109458433.43677233,147791.38040441368
819.0,107875769.86203283,132617.5943393836,108936064.43073368,149145.8771128601
820.0,107920976.39778692,131569.0782252361,108975021.70545729,147652.308169532
821.0,107682493.42132646,132417.45511141027,108660641.80669703,146511.3544777079
822.0,107666807.53563912,132395.35500531882,108695737.31278068,146856.0641888709
823.0,107824589.87460561,131212.89162147228,108894354.06503841,147834.54583639727
824.0,107813845.95588994,131531.69875245178,108873107.29624557,146722.6853767705
825.0,107840826.98425293,131387.64267598558,108880517.98679893,145951.77295628548
826.0,108438817.17789525,127744.37479120572,109819811.94483753,145651.13775448516
827.0,107894644.90883625,133786.98558716537,108881606.37946704,148705.18333767055
828.0,108278899.95141354,128412.81640305786,109592771.23406209,145346.6008531018
829.0,107818839.74131611,130944.15166055698,108795535.53650393,145303.06824820148
830.0,107707533.63819559,130104.21950912502,108749852.50274433,144058.707113864
831.0,107960217.46200801,130928.92054690959,109047219.79938917,146129.92488997921
832.0,108002514.251811,130547.88853063385,109053516.45249742,144305.0272094913
833.0,107968569.23654017,129181.9236044356,108998254.61268108,143382.69971932186
834.0,108415800.27669683,126215.64680423474,109831216.89072697,143992.44709128534
835.0,108061832.59310867,129201.55239769479,109147981.18058959,143997.23154423054
836.0,108294017.9088287,126090.70614093641,109626902.01510908,143407.32109080508
837.0,108051017.4218515,128303.21441357036,109116501.95489629,145636.8289970905
838.0,108092389.01366031,127286.92257013725,109197823.76117396,144082.08492245016
839.0,108081695.470801,128498.98994579121,109148915.81782565,145819.1069227526
840.0,108287898.7135154,128601.35196218369,109359034.86055078,145879.31146019886
841.0,108247373.77704553,128448.77014916495,109328399.75494312,144653.6921629064
842.0,108164445.69464122,127504.04200917706,109292741.85490064,144252.76426831604
843.0,107976669.3159095,128303.97310188878,109081756.76929128,145556.46870753367
844.0,108193946.97684884,128720.47187498893,109301667.09219301,145641.0319057303
845.0,107916165.20625192,128582.53303194958,109075986.31130452,144682.08986140555
846.0,108098534.43327752,129101.95319187347,109225133.07669191,145423.27243866186
847.0,108374265.37233134,124866.43299774954,109847049.2791156,144595.12320416994
848.0,108026756.82808934,128662.27344627529,109212850.81848402,145968.02314064372
849.0,107854255.09480071,128140.49902630816,109067363.16096304,145368.43329712804
850.0,107940244.60108848,128291.80197061176,109190263.87166381,145184.51487202206
851.0,104104787.37904187,126773.33811995274,105358201.88373244,143160.39181641178
852.0,104089765.73382941,124803.02943461719,105408090.26989862,142566.18871554406
853.0,104023146.11541733,125995.10837313463,105333456.53334928,143526.5633954187
854.0,103908672.79009482,126402.78085821922,105156544.10231926,143656.06249025397
855.0,103997390.73320943,126736.43199640755,105347777.30780536,144549.88040629073
856.0,103942369.7666639,127056.74074032399,105267618.46434303,144185.57474419675
857.0,103971254.60326964,126950.14898811848,105371163.79703212,144758.1017825221
858.0,104007891.15058132,125928.22737949165,105355182.06917407,144945.2985984869
859.0,104027039.22382969,126105.71910735511,105404398.17989345,144883.7565906089
860.0,103965250.03665102,127301.92778444031,105385308.45281714,145031.62306681962
861.0,103988280.44032826,127478.91671625321,105421557.90602383,145577.10220141933
862.0,103736550.81412603,125898.19076973491,105220726.27404684,144042.1513799964
863.0,103715913.54408965,125882.23380020111,105176234.81358334,144902.57117570913
864.0,103711942.87459849,127367.6328090378,105202905.15553866,146225.21309370053
865.0,103863698.97491366,125617.0887614593,105393848.82131113,144451.10492852723
866.0,104257150.78530799,128279.11338194956,105279502.13326922,143420.95490003005
867.0,104164877.7298395,131389.8272161142,105259129.43107456,145846.23737989072
868.0,104420621.31540744,130342.07984439681,105488499.44680154,145990.6828324395
869.0,104149105.53073606,129342.48385269064,105218642.35969526,144955.58991270975
870.0,104262399.90006621,130699.74011377917,105318213.07262251,145116.42326078645
871.0,104191395.09789234,129987.75998091226,105240485.30543214,144539.8114421624
872.0,103865721.92488937,126541.94922660975,105330409.69345403,145082.92188498788
873.0,104037056.23581001,126837.1070753707,105427337.27890569,145025.7012357728
874.0,104099035.55167523,127749.60326983707,105448103.13007742,145993.25335260516
875.0,104166268.1914871,126878.54602974985,105457986.86076505,144764.67401223406
876.0,104598204.63895608,123095.80481759648,106115275.74965099,143699.75900636226
877.0,104155661.39175859,127690.28257177159,105307139.65747444,145728.36636045578
878.0,104512811.40739787,126862.94911227055,105613891.06270294,143115.86277472513
879.0,104588231.3175522,126662.10713842709,105697689.0756741,144246.873132374
880.0,104323302.23258197,125966.58172757894,105369396.89106815,140597.0340580607
881.0,104634135.88505186,127638.43437900096,105691463.1328499,142893.52036360503
882.0,104657514.5547697,125279.55410042862,105686820.80909204,140641.00286166856
883.0,104737687.76844089,123008.67119511374,106119559.87022685,140934.94355055864
884.0,104750734.64358535,127549.22937869138,105812210.3954525,142112.18777636933
885.0,104681297.03859799,126350.75829371861,105732644.25940657,141550.4213400348
886.0,104563120.61120969,127543.49119456834,105605495.33506711,141983.45378171618
887.0,104667702.51151007,127117.51298893747,105676993.85745865,141776.0913196246
888.0,104581573.79403116,126757.45759894115,105605262.96770687,141159.6523289459
889.0,104723427.3555362,127134.97711375862,105760606.60602091,142703.27164127998
890.0,104822765.67755927,126208.19170711341,105881977.43550996,140735.30518784764
891.0,105096334.747391,124378.73129549401,106439740.8028864,140997.25184791046
892.0,104745536.8910207,126189.0116296304,105804994.43648371,141311.79873250666
893.0,104765859.75749874,127336.66554871948,105800284.40139726,141881.14100680125
894.0,104893249.39033791,125693.57963067872,105914064.20904228,140090.2542239066
895.0,105078295.60219905,123725.1733953255,106405699.52541189,141189.68438455675
896.0,105029155.0375605,126666.35744283459,106053633.37641002,141294.97408554616
897.0,104676206.35825473,125911.65848379981,105721086.81290385,140614.43527078608
898.0,105056515.92634287,125573.70465681858,106122367.83345571,140000.14195100934
899.0,104761586.61166586,126275.5607770565,105803483.27211371,141088.44085629456
900.0,105367291.37165076,122523.28939953668,106725271.25987518,141023.32135468937
901.0,104969058.5003298,126147.98421369374,105982731.57065758,139599.45153710953
902.0,104881548.07153451,126134.48081670879,105929983.68365368,140732.4440492118
903.0,105001407.26690674,125600.18167370866,106053990.10564002,141459.04216299864
904.0,104972574.36002421,126331.66372567331,105980135.35888825,140444.4088534796
905.0,104982590.36461344,125815.64615454234,106016644.17066985,140704.2321892338
906.0,105163140.8698513,126535.94375439889,106198852.29536612,140145.97067469967
907.0,105068443.79311815,125768.46275797316,106103190.67758018,140175.63157883068
908.0,104980744.73998606,126353.55754078565,105988260.22234046,141869.80500185245
909.0,105425761.42697045,123668.26372274477,106786889.99231145,140603.05681589225
910.0,105050472.23008332,124948.55726788842,106084047.6285232,139270.74492009
911.0,105166291.57763167,126077.58451910294,106224184.04161179,141017.41248007963
912.0,105105191.59700835,125856.61271513536,106134670.21423832,139698.68928737173
913.0,105199695.29000787,126403.41244265737,106225839.9246136,140575.6981786106
914.0,105126158.19321564,126462.92450305342,106136451.21929923,141525.5943179399
915.0,105588394.92147204,123208.09311416699,106950751.90128922,140561.73191067594
916.0,105428252.21173416,122333.65843227999,106811884.69305418,139543.25409216117
917.0,105405860.03860182,126978.81305030081,106420263.1274002,141424.28816376414
918.0,105157993.63626064,125934.44106087333,106171548.78016834,140257.5496679885
919.0,105249946.33636771,125430.25376077612,106247497.49833544,139338.86955028758
920.0,105308185.16800658,126274.36518176323,106327838.08985384,141101.14959289518
921.0,105122936.99386527,125158.26807811354,106180706.62608531,139015.51020473227
922.0,105399045.0733713,127397.5819382706,106388753.64495291,141451.65554367966
923.0,105330721.32570063,125687.31254405493,106357490.68240494,141141.57791822482
924.0,105679885.74603267,122540.90135261191,107022919.6580341,139866.68629810688
925.0,105231030.18158172,125502.17552267085,106255815.89267878,140118.4037055674
926.0,105686163.50601582,120872.60021656465,107119497.03633948,137954.06087641141
927.0,105275481.37290321,126346.09975899785,106317456.70499422,139600.91704488432
928.0,105708927.19322816,122280.52359984847,107044963.13596748,139993.49919008068
929.0,105313287.49566105,125847.60909455923,106302339.0894318,139849.00835347737
930.0,105675898.70455533,122294.50862650108,107049959.49106659,140367.82541048952
931.0,105342262.43576595,125787.19192420186,106390037.17762664,140007.37175606057
932.0,105671967.82525457,121884.43984293086,106994356.64380589,138917.0384394924
933.0,105456836.07343592,124814.61531621501,106467573.49163479,139230.371899669
934.0,105790757.47250462,122398.76774397485,107136733.45135622,139010.95181680846
935.0,105573409.77090158,125645.8125899144,106628132.6860173,140364.0291977717
936.0,106406463.41416365,126466.69014241762,107317590.43792287,140019.41872221234
937.0,105469365.13159375,124903.26935218228,106491987.11494257,139518.91748169612
938.0,105774497.62008554,122201.7825897937,107100003.5465865,138370.99995613558
939.0,105456373.92474556,125453.00154236653,106467553.03661655,140737.85310959458
940.0,105909157.95862691,121885.99085247195,107251443.96166535,138760.31722651076
941.0,105593636.49366178,125768.07493904511,106593038.77401419,139565.2886104088
942.0,106076896.19260885,129270.50318907923,106646560.08371237,139316.46149220582
943.0,105733911.9631908,126082.96961837685,106752616.6027055,140183.726640208
944.0,105596606.02881294,125204.83463991477,106634249.72577766,141078.825294562
945.0,105313107.77859172,124819.82993854722,106392042.99451628,140939.01249344076
946.0,105607059.10963075,121213.26822846447,107108282.78182535,140575.64268428288
947.0,105610506.971398,124679.16140205314,106670203.5224237,140788.7473462572
948.0,105718078.08089572,121103.92936173518,107201607.1132168,140158.46576614687
949.0,105276864.28818806,124901.35553515505,106504219.06788513,141441.5648353925
950.0,105260018.49590373,125513.59879161559,106443166.05877209,143051.55632349433
951.0,105204709.21067052,126246.61120613222,106383250.46751922,143470.32051076603
952.0,105092680.35578953,125226.51140544028,106398393.4305347,143894.15410021425
953.0,105094803.53311132,125427.29081678166,106398232.7776288,142730.63718843812
954.0,105097617.07651076,124214.6250370536,106421282.36026587,142242.65499442746
955.0,105109359.2537144,124196.2102577043,106497233.71116626,142000.0314354013
956.0,105551086.99218965,121831.05115150394,107282236.80532332,141876.73423368644
957.0,104941516.94697246,124052.60614387927,106400468.40275122,141483.38618091543
958.0,105214375.29929487,120937.95469539483,107053412.14598225,143013.5587846736
959.0,104885765.96511817,124209.90263692479,106402330.19706859,142458.40867672345
960.0,105459654.64200477,128124.84700736143,106487202.08009717,142660.97026826796
961.0,105531937.06093335,128733.78843816712,106578616.1914144,144105.60884498604
962.0,105390794.21888873,128674.3923597261,106431989.53473555,142365.21519827945
963.0,105415717.9538991,129076.83250047962,106495934.66245176,143831.41459978442
964.0,105171382.69267589,129791.15428690295,106157598.27759373,143211.78124526876
965.0,105776439.05719417,126159.16524955462,107131260.40069371,143246.90059478002
966.0,105615478.49539861,125054.93420756076,106957180.43079478,142856.6985326607
967.0,105585724.05348341,125502.66964053392,106913910.04527505,143609.1372077805
968.0,105348728.89785862,129227.35950684093,106351406.51819058,143394.63899253844
969.0,105417376.4954477,129414.51923947723,106450089.95744762,144274.3167510097
970.0,105420623.63614684,128869.30688204372,106443803.49947792,142225.05596703332
971.0,105095750.65104453,129122.0674829791,106113477.10591777,142345.20395700022
972.0,105141596.16643082,129434.2754777021,106145306.38272628,144053.11216034996
973.0,105452368.90564291,129455.30076742708,106472882.42110114,144842.76630583018
974.0,105220351.24577197,129377.86621580359,106256548.34547661,144524.84438072448
975.0,105599416.44623265,125989.00210986988,106950921.4498076,143864.24457818526
976.0,105625271.85715117,125813.40338139373,106986292.2374348,142975.26110655366
977.0,105301008.57058918,129638.78761847527,106395136.81249589,143085.10596244683
978.0,105526639.44035412,125066.83519106946,106861904.27826746,142379.84250506535
979.0,105229277.76626173,128771.87687749254,106183728.31048873,143057.04659492904
980.0,105271459.91667457,130527.45211724982,106325393.93322676,145271.96903604892
981.0,105335644.05029112,129194.91180902808,106363808.9616818,143190.2049454291
982.0,105153245.23507035,128713.27023819592,106145074.01443957,143775.54319459747
983.0,105241413.97174746,129830.75386634092,106292154.77339607,145106.80084334186
984.0,105124611.84362164,128759.67446855473,106186284.4430258,142842.5721178306
985.0,105181070.13331965,129172.91675976024,106185955.77912265,143147.7311145401
986.0,105621936.27230978,127425.67240528895,106959949.18092503,144926.95492345782
987.0,105566073.65716965,125382.42614501464,106922328.12986945,143199.7830240172
988.0,105198321.17392983,129362.9631681183,106257623.81149544,144124.67640470748
989.0,105185902.8735539,128820.81980997919,106240565.46737431,144130.8485184603
990.0,105065582.16352098,128391.39564531713,106122817.64066021,143958.36369703631
991.0,105209527.1856568,129996.82161486377,106281543.76135695,145344.48147832288
992.0,105333780.74209833,128156.3614647412,106464746.57150857,145000.106728263
993.0,105124768.70623547,128949.53902368735,106173216.38617945,144294.46649547538
994.0,105266183.57833448,128954.25029638926,106353523.66478287,145461.9602500897
995.0,105095134.05171683,127344.86331186703,106135330.84638749,142078.7254176677
996.0,105352586.10891114,124518.03830446933,106723584.3754991,142737.50984499467
997.0,105151820.04673862,127540.59876451564,106193315.79529981,143627.858216193
998.0,105511388.88994417,124970.33967304154,106882453.39405617,143546.49085517446
999.0,105082147.85410012,129307.93916780577,106111992.80049251,144299.4289219709
1000.0,105094564.17307745,127682.86017045256,106215211.69054553,143820.39840647785
